{
	"pattrstorage" : 	{
		"name" : "onsetprob",
		"slots" : 		{
			"1" : 			{
				"id" : 1,
				"data" : 				{
					"duration_deviation" : [ 0.05 ],
					"hihat" : [ 72.839508, 4.938272, 75.0, 4.938272, 73.611115, 4.938272, 73.611115, 4.938272, 73.611115, 4.938272, 76.388885, 6.17284, 75.0, 4.938272, 76.388885, 3.703704, 76.388885, 3.703704, 75.0, 3.703704, 75.0, 3.703704, 74.074074, 4.938272, 75.30864, 3.703704, 70.833336, 3.703704, 72.222221, 4.938272, 72.222221, 4.938272 ],
					"kd" : [ 100.0, 81.944443, 75.0, 68.055557, 83.333336, 68.055557, 59.722221, 51.388889, 75.0, 65.277779, 55.555557, 47.222221, 65.277779, 48.611111, 38.888889, 0.0, 97.560974, 0.0, 0.0, 0.0, 96.341461, 0.0, 0.0, 0.0, 0.0, 0.0, 0.0, 0.0, 0.0, 0.0, 0.0, 0.0 ],
					"kd[1]" : [ 0.0, 0.0, 0.0, 0.0, 0.0, 0.0, 0.0, 0.0, 0.0, 0.0, 0.0, 0.0, 0.0, 0.0, 0.0, 0.0, 0.0, 0.0, 0.0, 0.0, 0.0, 0.0, 0.0, 0.0, 0.0, 0.0, 0.0, 0.0, 0.0, 0.0, 0.0, 0.0 ],
					"menu-bd" : [  ],
					"menu-extra" : [  ],
					"sd" : [ 0.0, 0.0, 0.0, 0.0, 0.0, 0.0, 0.0, 0.0, 96.341461, 0.0, 0.0, 0.0, 0.0, 0.0, 91.463417, 0.0, 0.0, 0.0, 91.463417, 0.0, 0.0, 0.0, 0.0, 0.0, 98.780487, 75.0, 65.277779, 59.722221, 90.277779, 79.166664, 69.444443, 59.722221 ],
					"timestep-duration" : [ 100 ],
					"timesteps" : [ 32 ],
					"Internal_Synthesizer::internal_synth_presets" : [  ],
					"patcher::timbreprob" : [ 29 ]
				}

			}
,
			"2" : 			{
				"id" : 2,
				"data" : 				{
					"duration_deviation" : [ 0.05 ],
					"hihat" : [ 86.111115, 1.234568, 83.333336, 3.703704, 83.333336, 6.17284, 69.135803, 4.938272, 81.944443, 6.17284, 81.944443, 7.407407, 79.166664, 8.641975, 71.604935, 9.876543, 79.166664, 8.641975, 77.777779, 8.641975, 79.166664, 8.641975, 70.370369, 8.641975, 81.944443, 6.17284, 80.555557, 7.407407, 81.944443, 11.111111, 71.604935, 7.407407 ],
					"kd" : [ 98.780487, 8.333333, 8.333333, 95.121948, 11.111111, 14.634147, 52.439026, 15.853659, 95.121948, 12.5, 15.853659, 91.463417, 13.414634, 8.536586, 58.536587, 8.536586, 100.0, 11.111111, 11.111111, 90.243904, 12.195122, 8.536586, 51.219513, 7.317073, 98.780487, 9.722222, 11.111111, 91.463417, 10.97561, 6.097561, 56.097561, 6.097561 ],
					"kd[1]" : [ 0.0, 0.0, 0.0, 0.0, 0.0, 0.0, 0.0, 0.0, 0.0, 0.0, 0.0, 0.0, 0.0, 0.0, 0.0, 0.0, 0.0, 0.0, 0.0, 0.0, 0.0, 0.0, 0.0, 0.0, 0.0, 0.0, 0.0, 0.0, 0.0, 0.0, 0.0, 0.0 ],
					"menu-bd" : [ 1 ],
					"menu-extra" : [ 16 ],
					"sd" : [ 0.0, 0.0, 0.0, 0.0, 0.0, 0.0, 86.585365, 15.853659, 0.0, 0.0, 0.0, 0.0, 0.0, 0.0, 78.048782, 20.731707, 0.0, 0.0, 0.0, 0.0, 0.0, 0.0, 100.0, 14.634147, 0.0, 0.0, 0.0, 0.0, 0.0, 0.0, 82.926826, 14.634147 ],
					"timestep-duration" : [ 112 ],
					"timesteps" : [ 32 ],
					"Internal_Synthesizer::internal_synth_presets" : [ -1 ],
					"patcher::timbreprob" : [ 10 ]
				}

			}
,
			"3" : 			{
				"id" : 3,
				"data" : 				{
					"duration_deviation" : [  ],
					"hihat" : [ 86.111115, 0.0, 83.333336, 3.703704, 83.333336, 6.17284, 83.333336, 0.0, 81.944443, 2.777778, 81.944443, 7.407407, 79.166664, 8.641975, 79.166664, 9.876543, 79.166664, 8.641975, 77.777779, 8.641975, 79.166664, 8.641975, 81.944443, 8.641975, 81.944443, 6.17284, 80.555557, 7.407407, 0.0, 0.0, 0.0, 0.0 ],
					"kd" : [ 100.0, 7.317073, 7.317073, 100.0, 0.0, 6.944445, 0.0, 100.0, 9.756098, 9.756098, 100.0, 0.0, 9.722222, 0.0, 98.780487, 9.756098, 8.536586, 100.0, 0.0, 8.333333, 0.0, 100.0, 9.722222, 5.555555, 100.0, 0.0, 9.722222, 0.0, 0.0, 0.0, 0.0, 0.0 ],
					"kd[1]" : [ 0.0, 0.0, 0.0, 0.0, 0.0, 0.0, 0.0, 0.0, 0.0, 0.0, 0.0, 0.0, 0.0, 0.0, 0.0, 0.0, 0.0, 0.0, 0.0, 0.0, 0.0, 0.0, 0.0, 0.0, 0.0, 0.0, 0.0, 0.0, 0.0, 0.0, 0.0, 0.0 ],
					"menu-bd" : [  ],
					"menu-extra" : [  ],
					"sd" : [ 0.0, 0.0, 0.0, 0.0, 0.0, 100.0, 0.0, 0.0, 0.0, 0.0, 0.0, 0.0, 100.0, 0.0, 0.0, 0.0, 0.0, 0.0, 0.0, 96.341461, 0.0, 0.0, 0.0, 0.0, 0.0, 0.0, 97.560974, 0.0, 0.0, 0.0, 0.0, 0.0 ],
					"timestep-duration" : [ 125 ],
					"timesteps" : [ 28 ],
					"Internal_Synthesizer::internal_synth_presets" : [  ],
					"patcher::timbreprob" : [  ]
				}

			}
,
			"4" : 			{
				"id" : 4,
				"data" : 				{
					"duration_deviation" : [ 0.05 ],
					"hihat" : [ 0.0, 0.0, 100.0, 70.370369, 1.234568, 0.0, 100.0, 0.0, 0.0, 0.0, 100.0, 0.0, 0.0, 74.074074, 100.0, 1.234568, 2.469136, 3.703704, 98.765434, 4.526749, 4.938272, 5.555555, 100.0, 75.30864, 6.17284, 6.17284, 97.530861, 5.349794, 4.938272, 70.370369, 100.0, 2.469136 ],
					"kd" : [ 97.222221, 53.658535, 0.0, 0.0, 0.0, 0.0, 0.0, 0.0, 95.833336, 0.0, 0.0, 0.0, 0.0, 0.0, 0.0, 0.0, 91.666664, 52.439026, 0.0, 0.0, 0.0, 0.0, 0.0, 0.0, 93.055557, 0.0, 0.0, 0.0, 0.0, 0.0, 0.0, 0.0 ],
					"kd[1]" : [ 0.0, 0.0, 0.0, 0.0, 0.0, 0.0, 0.0, 0.0, 0.0, 0.0, 0.0, 0.0, 0.0, 0.0, 0.0, 0.0, 0.0, 0.0, 0.0, 0.0, 0.0, 0.0, 0.0, 0.0, 0.0, 0.0, 0.0, 0.0, 0.0, 0.0, 0.0, 0.0 ],
					"menu-bd" : [  ],
					"menu-extra" : [  ],
					"sd" : [ 0.0, 0.0, 0.0, 0.0, 93.055557, 0.0, 0.0, 0.0, 0.0, 0.0, 0.0, 0.0, 90.277779, 0.0, 0.0, 0.0, 0.0, 0.0, 0.0, 0.0, 88.888885, 0.0, 0.0, 0.0, 0.0, 0.0, 0.0, 0.0, 91.666664, 0.0, 0.0, 0.0 ],
					"timestep-duration" : [ 133 ],
					"timesteps" : [ 32 ],
					"Internal_Synthesizer::internal_synth_presets" : [  ],
					"patcher::timbreprob" : [  ]
				}

			}
,
			"5" : 			{
				"id" : 5,
				"data" : 				{
					"duration_deviation" : [ 0.05 ],
					"hihat" : [  ],
					"kd" : [ 93.902435, 8.333333, 12.5, 13.888889, 74.390244, 15.277778, 19.444445, 22.222221, 57.317074, 22.222221, 26.388889, 27.777779, 40.243904, 25.0, 31.944445, 36.111111, 97.560974, 0.0, 0.0, 0.0, 96.341461, 0.0, 0.0, 0.0, 0.0, 0.0, 0.0, 0.0, 0.0, 0.0, 0.0, 0.0 ],
					"kd[1]" : [  ],
					"menu-bd" : [  ],
					"menu-extra" : [  ],
					"sd" : [ 0.0, 0.0, 0.0, 0.0, 0.0, 0.0, 0.0, 0.0, 96.341461, 0.0, 0.0, 0.0, 0.0, 0.0, 46.341465, 0.0, 0.0, 0.0, 87.804878, 0.0, 0.0, 0.0, 0.0, 0.0, 98.780487, 25.0, 33.333332, 44.444443, 78.048782, 55.555557, 62.5, 68.055557 ],
					"timestep-duration" : [ 100 ],
					"timesteps" : [  ],
					"Internal_Synthesizer::internal_synth_presets" : [  ],
					"patcher::timbreprob" : [  ]
				}

			}
,
			"6" : 			{
				"id" : 6,
				"data" : 				{
					"duration_deviation" : [ 0.05 ],
					"hihat" : [ 0.0, 0.0, 80.555557, 0.0, 33.333332, 0.0, 23.611111, 0.0, 0.0, 54.166668, 0.0, 69.444443, 0.0, 87.5, 0.0, 0.0, 0.0, 0.0, 87.5, 0.0, 40.277779, 0.0, 22.222221, 0.0, 0.0, 55.555557, 47.222221, 73.611115, 0.0, 86.111115, 0.0, 0.0 ],
					"kd" : [ 100.0, 1.388889, 40.277779, 0.0, 0.0, 70.833336, 0.0, 81.944443, 0.0, 93.055557, 0.0, 0.0, 0.0, 37.5, 0.0, 0.0, 100.0, 0.0, 37.5, 0.0, 0.0, 61.111111, 0.0, 77.777779, 0.0, 83.333336, 0.0, 0.0, 0.0, 47.222221, 0.0, 0.0 ],
					"kd[1]" : [ 0.0, 0.0, 0.0, 0.0, 0.0, 0.0, 0.0, 0.0, 0.0, 0.0, 0.0, 0.0, 0.0, 0.0, 0.0, 0.0, 0.0, 0.0, 0.0, 0.0, 0.0, 0.0, 0.0, 0.0, 0.0, 0.0, 0.0, 0.0, 0.0, 0.0, 0.0, 0.0 ],
					"menu-bd" : [  ],
					"menu-extra" : [  ],
					"sd" : [ 0.0, 0.0, 0.0, 0.0, 79.166664, 0.0, 0.0, 0.0, 0.0, 0.0, 0.0, 0.0, 100.0, 0.0, 0.0, 0.0, 0.0, 0.0, 0.0, 0.0, 58.333332, 0.0, 0.0, 0.0, 0.0, 0.0, 0.0, 0.0, 100.0, 0.0, 0.0, 0.0 ],
					"timestep-duration" : [ 116 ],
					"timesteps" : [ 32 ],
					"Internal_Synthesizer::internal_synth_presets" : [  ],
					"patcher::timbreprob" : [  ]
				}

			}
,
			"7" : 			{
				"id" : 7,
				"data" : 				{
					"duration_deviation" : [  ],
					"hihat" : [ 0.0, 0.0, 63.888889, 0.0, 69.444443, 0.0, 72.222221, 0.0, 0.0, 0.0, 72.222221, 0.0, 52.777779, 0.0, 55.555557, 0.0, 98.611115, 0.0, 100.0, 0.0, 100.0, 100.0, 100.0, 100.0, 0.0, 0.0, 0.0, 0.0, 0.0, 0.0, 0.0, 0.0 ],
					"kd" : [ 100.0, 0.0, 0.0, 0.0, 0.0, 0.0, 100.0, 0.0, 0.0, 0.0, 0.0, 0.0, 100.0, 0.0, 0.0, 0.0, 0.0, 0.0, 0.0, 0.0, 0.0, 0.0, 0.0, 0.0, 0.0, 0.0, 0.0, 0.0, 0.0, 0.0, 0.0, 0.0 ],
					"kd[1]" : [ 0.0, 0.0, 0.0, 0.0, 0.0, 0.0, 0.0, 0.0, 0.0, 0.0, 0.0, 0.0, 0.0, 0.0, 0.0, 0.0, 0.0, 0.0, 0.0, 0.0, 0.0, 0.0, 0.0, 0.0, 0.0, 0.0, 0.0, 0.0, 0.0, 0.0, 0.0, 0.0 ],
					"menu-bd" : [  ],
					"menu-extra" : [  ],