{
	"pattrstorage" : 	{
		"name" : "pitchprob",
		"slots" : 		{
			"1" : 			{
				"id" : 1,
				"data" : 				{
					"live.gain~" : [ -3.837 ],
					"pitchset-1" : [ 85.365852, 6.097561, 92.68293, 7.317073, 87.804878, 7.317073, 87.804878, 7.317073, 87.804878, 7.317073, 87.804878, 6.097561, 87.804878, 3.658537, 87.804878, 7.317073, 87.804878, 7.317073, 87.804878, 8.536586, 86.585365, 7.317073, 89.024391, 7.317073, 89.024391, 7.317073, 86.585365, 8.536586, 96.341461, 8.536586, 87.804878, 9.756098 ],
					"kd" : [ 100.0, 0.0, 0.0, 0.0, 0.0, 0.0, 0.0, 0.0, 0.0, 0.0, 0.0, 0.0, 0.0, 0.0, 0.0, 0.0, 97.560974, 0.0, 0.0, 0.0, 96.341461, 0.0, 0.0, 0.0, 0.0, 0.0, 0.0, 0.0, 0.0, 0.0, 0.0, 0.0 ],
					"sd" : [ 0.0, 0.0, 0.0, 0.0, 0.0, 0.0, 0.0, 0.0, 96.341461, 0.0, 0.0, 0.0, 0.0, 0.0, 46.341465, 0.0, 0.0, 0.0, 0.0, 0.0, 0.0, 0.0, 1.219512, 2.439024, 98.780487, 3.658537, 0.0, 0.0, 0.0, 0.0, 0.0, 0.0 ]
				}

			}

		}

	}

}
