{
	"pattrstorage" : 	{
		"name" : "pitchprob",
		"slots" : 		{
			"1" : 			{
				"id" : 1,
				"data" : 				{
					"bass-notes" : [ 53, 0, 8, 0, 71, 24, 0, 8, 14, 82, 0, 24 ],
					"hihat" : [ 75.0, 4.166667, 75.0, 3.703704, 73.611115, 6.17284, 73.611115, 4.938272, 73.611115, 6.17284, 76.388885, 7.407407, 75.0, 4.166667, 76.388885, 4.166667, 76.388885, 4.166667, 75.0, 4.166667, 75.0, 8.641975, 76.388885, 8.641975, 76.388885, 6.17284, 76.388885, 7.407407, 76.388885, 2.777778, 76.388885, 4.166667 ],
					"kd" : [ 93.902435, 75.0, 72.222221, 65.277779, 83.333336, 62.5, 58.333332, 51.388889, 75.0, 55.555557, 48.611111, 45.833332, 65.277779, 34.722221, 30.555555, 0.0, 97.560974, 0.0, 0.0, 0.0, 96.341461, 0.0, 0.0, 0.0, 0.0, 0.0, 0.0, 0.0, 0.0, 0.0, 0.0, 0.0 ],
					"kd[1]" : [ 0.0, 0.0, 0.0, 0.0, 0.0, 0.0, 0.0, 0.0, 0.0, 0.0, 0.0, 0.0, 0.0, 0.0, 0.0, 0.0, 0.0, 0.0, 59.722221, 68.055557, 0.0, 65.277779, 56.944443, 0.0, 0.0, 0.0, 0.0, 0.0, 0.0, 0.0, 0.0, 0.0 ],
					"keyboard" : [ 0, 0, 0, 0, 63, 68, 0, 0, 0, 80, 0, 0 ],
					"menu-bd" : [ 1 ],
					"menu-hh" : [ 16 ],
					"menu-sd" : [ 3 ],
					"pgm-chan1" : [ 37 ],
					"pgm-chan2" : [ 71 ],
					"pgm-chan2[1]" : [ 73 ],
					"sd" : [ 0.0, 0.0, 0.0, 0.0, 0.0, 0.0, 0.0, 0.0, 96.341461, 0.0, 0.0, 0.0, 0.0, 0.0, 46.341465, 0.0, 0.0, 0.0, 87.804878, 0.0, 0.0, 0.0, 0.0, 0.0, 98.780487, 50.0, 45.121952, 42.682926, 78.048782, 69.512192, 64.634148, 58.536587 ],
					"timestep-duration" : [ 100 ],
					"timesteps" : [ 32 ],
					"duration_deviation" : [ 0.05 ],
					"menu-extra" : [  ],
					"duration_keyb" : [  ],
					"Internal_Synthesizer::internal_synth_presets" : [ -1 ]
				}

			}
,
			"2" : 			{
				"id" : 2,
				"data" : 				{
					"bass-notes" : [ 69, 0, 8, 0, 69, 8, 0, 69, 0, 11, 0, 0 ],
					"hihat" : [ 86.111115, 1.234568, 83.333336, 3.703704, 83.333336, 6.17284, 81.944443, 4.938272, 81.944443, 6.17284, 81.944443, 7.407407, 79.166664, 8.641975, 79.166664, 9.876543, 79.166664, 8.641975, 77.777779, 8.641975, 79.166664, 8.641975, 81.944443, 8.641975, 81.944443, 6.17284, 80.555557, 7.407407, 81.944443, 11.111111, 81.944443, 7.407407 ],
					"kd" : [ 98.780487, 8.333333, 8.333333, 95.121948, 11.111111, 14.634147, 59.756096, 15.853659, 95.121948, 12.5, 15.853659, 91.463417, 13.414634, 8.536586, 58.536587, 8.536586, 100.0, 11.111111, 11.111111, 90.243904, 12.195122, 8.536586, 68.292686, 7.317073, 98.780487, 9.722222, 11.111111, 91.463417, 10.97561, 6.097561, 60.975609, 6.097561 ],
					"kd[1]" : [ 0.0, 0.0, 0.0, 0.0, 0.0, 0.0, 0.0, 0.0, 0.0, 0.0, 0.0, 0.0, 0.0, 0.0, 0.0, 0.0, 0.0, 0.0, 0.0, 0.0, 0.0, 0.0, 0.0, 0.0, 0.0, 0.0, 0.0, 0.0, 0.0, 0.0, 0.0, 0.0 ],
					"keyboard" : [ 60, 0, 11, 0, 63, 0, 0, 73, 0, 0, 94, 0 ],
					"menu-bd" : [ 1 ],
					"menu-hh" : [ 16 ],
					"menu-sd" : [ 3 ],
					"pgm-chan1" : [  ],
					"pgm-chan2" : [ 71 ],
					"pgm-chan2[1]" : [ 73 ],
					"sd" : [ 0.0, 0.0, 0.0, 0.0, 0.0, 0.0, 86.585365, 15.853659, 0.0, 0.0, 0.0, 0.0, 0.0, 0.0, 68.292686, 20.731707, 0.0, 0.0, 0.0, 0.0, 0.0, 0.0, 100.0, 14.634147, 0.0, 0.0, 0.0, 0.0, 0.0, 0.0, 69.512192, 14.634147 ],
					"timestep-duration" : [ 112 ],
					"timesteps" : [ 32 ],
					"duration_deviation" : [ 0.05 ],
					"menu-extra" : [  ],
					"duration_keyb" : [  ],
					"Internal_Synthesizer::internal_synth_presets" : [ -1 ]
				}

			}
,
			"3" : 			{
				"id" : 3,
				"data" : 				{
					"bass-notes" : [ 71, 0, 20, 0, 25, 83, 0, 16, 0, 95, 0, 19 ],
					"hihat" : [ 86.111115, 0.0, 83.333336, 3.703704, 83.333336, 6.17284, 83.333336, 0.0, 81.944443, 2.777778, 81.944443, 7.407407, 79.166664, 8.641975, 79.166664, 9.876543, 79.166664, 8.641975, 77.777779, 8.641975, 79.166664, 8.641975, 81.944443, 8.641975, 81.944443, 6.17284, 80.555557, 7.407407, 0.0, 0.0, 0.0, 0.0 ],
					"kd" : [ 100.0, 7.317073, 7.317073, 100.0, 0.0, 6.944445, 0.0, 100.0, 9.756098, 9.756098, 100.0, 0.0, 9.722222, 0.0, 98.780487, 9.756098, 8.536586, 100.0, 0.0, 8.333333, 0.0, 100.0, 9.722222, 5.555555, 100.0, 0.0, 9.722222, 0.0, 0.0, 0.0, 0.0, 0.0 ],
					"kd[1]" : [ 0.0, 0.0, 0.0, 0.0, 0.0, 0.0, 0.0, 0.0, 0.0, 0.0, 0.0, 0.0, 0.0, 0.0, 0.0, 0.0, 0.0, 0.0, 0.0, 0.0, 0.0, 0.0, 0.0, 0.0, 0.0, 0.0, 0.0, 0.0, 0.0, 0.0, 0.0, 0.0 ],
					"keyboard" : [ 0, 0, 0, 0, 0, 76, 0, 73, 0, 63, 0, 0 ],
					"menu-bd" : [ 1 ],
					"menu-hh" : [ 18 ],
					"menu-sd" : [ 3 ],
					"pgm-chan1" : [  ],
					"pgm-chan2" : [ 71 ],
					"pgm-chan2[1]" : [ 73 ],
					"sd" : [ 0.0, 0.0, 0.0, 0.0, 0.0, 100.0, 0.0, 0.0, 0.0, 0.0, 0.0, 0.0, 100.0, 0.0, 0.0, 0.0, 0.0, 0.0, 0.0, 96.341461, 0.0, 0.0, 0.0, 0.0, 0.0, 0.0, 97.560974, 0.0, 0.0, 0.0, 0.0, 0.0 ],
					"timestep-duration" : [ 125 ],
					"timesteps" : [ 28 ],
					"duration_deviation" : [  ],
					"menu-extra" : [  ],
					"duration_keyb" : [  ],
					"Internal_Synthesizer::internal_synth_presets" : [ -1 ]
				}

			}
,
			"4" : 			{
				"id" : 4,
				"data" : 				{
					"bass-notes" : [ 11, 0, 59, 0, 69, 83, 0, 12, 0, 12, 0, 72 ],
					"hihat" : [ 0.0, 0.0, 100.0, 70.370369, 1.234568, 0.0, 100.0, 0.0, 0.0, 0.0, 100.0, 0.0, 0.0, 74.074074, 100.0, 1.234568, 2.469136, 3.703704, 98.765434, 4.526749, 4.938272, 5.555555, 100.0, 75.30864, 6.17284, 6.17284, 97.530861, 5.349794, 4.938272, 70.370369, 100.0, 2.469136 ],
					"kd" : [ 97.222221, 53.658535, 0.0, 0.0, 0.0, 0.0, 0.0, 0.0, 95.833336, 0.0, 0.0, 0.0, 0.0, 0.0, 0.0, 0.0, 91.666664, 52.439026, 0.0, 0.0, 0.0, 0.0, 0.0, 0.0, 93.055557, 0.0, 0.0, 0.0, 0.0, 0.0, 0.0, 0.0 ],
					"kd[1]" : [ 0.0, 0.0, 0.0, 0.0, 0.0, 0.0, 0.0, 0.0, 0.0, 0.0, 0.0, 0.0, 0.0, 0.0, 0.0, 0.0, 0.0, 0.0, 0.0, 0.0, 0.0, 0.0, 0.0, 0.0, 0.0, 0.0, 0.0, 0.0, 0.0, 0.0, 0.0, 0.0 ],
					"keyboard" : [ 0, 0, 0, 0, 0, 0, 0, 0, 83, 75, 0, 67 ],
					"menu-bd" : [ 1 ],
					"menu-hh" : [ 7 ],
					"menu-sd" : [ 3 ],
					"pgm-chan1" : [ 35 ],
					"pgm-chan2" : [ 71 ],
					"pgm-chan2[1]" : [ 73 ],
					"sd" : [ 0.0, 0.0, 0.0, 0.0, 93.055557, 0.0, 0.0, 0.0, 0.0, 0.0, 0.0, 0.0, 90.277779, 0.0, 0.0, 0.0, 0.0, 0.0, 0.0, 0.0, 88.888885, 0.0, 0.0, 0.0, 0.0, 0.0, 0.0, 0.0, 91.666664, 0.0, 0.0, 0.0 ],
					"timestep-duration" : [ 133 ],
					"timesteps" : [ 32 ],
					"duration_deviation" : [ 0.05 ],
					"menu-extra" : [ 16 ],
					"duration_keyb" : [  ],
					"Internal_Synthesizer::internal_synth_presets" : [ -1 ]
				}

			}
,
			"5" : 			{
				"id" : 5,
				"data" : 				{
					"bass-notes" : [ 0, 0, 0, 0, 50, 28, 0, 0, 65, 6, 0, 48 ],
					"hihat" : [  ],
					"kd" : [ 93.902435, 8.333333, 12.5, 13.888889, 74.390244, 15.277778, 19.444445, 22.222221, 57.317074, 22.222221, 26.388889, 27.777779, 40.243904, 25.0, 31.944445, 36.111111, 97.560974, 0.0, 0.0, 0.0, 96.341461, 0.0, 0.0, 0.0, 0.0, 0.0, 0.0, 0.0, 0.0, 0.0, 0.0, 0.0 ],
					"kd[1]" : [  ],
					"keyboard" : [ 44, 0, 0, 0, 0, 0, 28, 0, 51, 71, 0, 67 ],
					"menu-bd" : [ 1 ],
					"menu-hh" : [ 16 ],
					"menu-sd" : [ 3 ],
					"pgm-chan1" : [ 37 ],
					"pgm-chan2" : [ 71 ],
					"pgm-chan2[1]" : [ 73 ],
					"sd" : [ 0.0, 0.0, 0.0, 0.0, 0.0, 0.0, 0.0, 0.0, 96.341461, 0.0, 0.0, 0.0, 0.0, 0.0, 46.341465, 0.0, 0.0, 0.0, 87.804878, 0.0, 0.0, 0.0, 0.0, 0.0, 98.780487, 25.0, 33.333332, 44.444443, 78.048782, 55.555557, 62.5, 68.055557 ],
					"timestep-duration" : [ 100 ],
					"timesteps" : [  ],
					"duration_deviation" : [ 0.05 ],
					"menu-extra" : [ 16 ],
					"duration_keyb" : [  ],
					"Internal_Synthesizer::internal_synth_presets" : [ -1 ]
				}

			}
,
			"6" : 			{
				"id" : 6,
				"data" : 				{
					"bass-notes" : [ 14, 0, 0, 0, 0, 61, 0, 69, 72, 0, 0, 0 ],
					"hihat" : [ 0.0, 0.0, 80.555557, 0.0, 33.333332, 0.0, 23.611111, 0.0, 0.0, 68.055557, 0.0, 80.555557, 0.0, 88.888885, 0.0, 93.055557, 0.0, 0.0, 87.5, 0.0, 40.277779, 0.0, 22.222221, 0.0, 0.0, 55.555557, 47.222221, 73.611115, 0.0, 86.111115, 0.0, 88.888885 ],
					"kd" : [ 100.0, 0.0, 27.777779, 0.0, 0.0, 77.777779, 0.0, 83.333336, 0.0, 93.055557, 0.0, 0.0, 0.0, 37.5, 0.0, 0.0, 100.0, 0.0, 37.5, 0.0, 0.0, 70.833336, 0.0, 77.777779, 0.0, 61.111111, 0.0, 0.0, 0.0, 47.222221, 0.0, 0.0 ],