{
	"pattrstorage" : 	{
		"name" : "bark-coefficients",
		"slots" : 		{
			"1" : 			{
				"id" : 1,
				"data" : 				{
					"e-distance-1-ratio" : [ 1.604178, 2.0, 0.387977, 0.955075, 0.438834, 0.178812, 2.0, 0.513277, 0.338291, 0.613832, 0.324674, 0.065174, 0.927925, 1.171456, 0.102516, 0.611466, 0.229655, 0.032023, 0.64165, 0.332529, 1.17671, 0.407898, 0.937171, 0.572192 ],
					"e-distance-2-ratio" : [ 1.790848, 1.51293, 2.0, 0.955075, 1.260042, 1.42865, 1.163218, 1.290085, 0.662733, 1.211008, 0.243371, 0.660516, 0.050511, 0.55223, 0.187261, 0.770712, 0.286182, 0.166551, 0.491744, 0.472695, 1.071924, 0.043833, 0.730566, 2.0 ],
					"flonum" : [ 0.046586 ],
					"flonum[10]" : [ 280.0 ],
					"flonum[11]" : [ 0.953414 ],
					"flonum[12]" : [ 0.788506 ],
					"flonum[13]" : [ 0.457266 ],
					"flonum[14]" : [ 0.249361 ],
					"flonum[15]" : [ 0.65 ],
					"flonum[16]" : [ 0.65 ],
					"flonum[17]" : [ 0.96 ],
					"flonum[18]" : [ 0.95 ],
					"flonum[1]" : [ 0.211494 ],
					"flonum[2]" : [ 0.542734 ],
					"flonum[3]" : [ 0.750639 ],
					"flonum[4]" : [ 0.5 ],
					"flonum[5]" : [ 1.0 ],
					"flonum[6]" : [ 0.0 ],
					"flonum[7]" : [ 280000.0 ],
					"flonum[8]" : [ 0.0 ],
					"flonum[9]" : [ 300000.0 ],
					"multislider[10]" : [ 0.533822, 0.584756, 0.511815, 0.521036, 0.203442, 0.430527, 0.283308, 0.182017, 0.225567, 0.189312, 0.212915, 0.286659, 0.165196, 0.249858, 0.222172, 0.269119, 0.28337, 0.234151, 0.366299, 0.443377, 0.429811, 0.378092, 0.721627, 1.0, 0.483176 ],
					"multislider[11]" : [ 0.786975, 0.876005, 0.243861, 0.189152, 0.073285, 0.099978, 0.103254, 0.019256, 0.003224, 0.012414, 0.001062, 0.024285, 0.018965, 0.014948, 0.021648, 0.022665, 0.038932, 0.035337, 0.046586, 0.085215, 0.076816, 0.008343, 0.053608, 0.426001, 0.772631 ],
					"multislider[12]" : [ 2.0, 2.0, 2.0, 2.0, 2.0, 2.0, 2.0, 2.0, 2.0, 2.0, 2.0, 2.0, 2.0, 2.0, 2.0, 2.0, 2.0, 2.0, 2.0, 2.0, 2.0, 2.0, 2.0, 2.0 ],
					"multislider[13]" : [ 2.0, 2.0, 2.0, 2.0, 2.0, 2.0, 2.0, 2.0, 2.0, 2.0, 2.0, 2.0, 2.0, 2.0, 2.0, 2.0, 2.0, 2.0, 2.0, 2.0, 2.0, 2.0, 2.0, 2.0 ],
					"multislider[14]" : [ 0.320796, 0.466953, 0.206666, 0.406197, 0.128013, 0.362114, 0.198357, 0.094877, 0.165552, 0.119538, 0.166233, 0.211494, 0.111698, 0.17192, 0.166531, 0.193098, 0.226429, 0.192075, 0.308063, 0.389054, 0.361499, 0.264395, 0.49515, 0.364444, 0.516824 ],
					"multislider[1]" : [ 1.0, 0.993808, 0.549011, 0.303991, 0.148714, 0.168391, 0.188205, 0.067885, 0.056791, 0.082187, 0.04562, 0.099449, 0.072463, 0.06299, 0.077289, 0.098686, 0.095874, 0.077413, 0.104822, 0.139538, 0.145129, 0.122041, 0.172868, 0.209555, 0.227369 ],
					"multislider[2]" : [ 0.213025, 0.117803, 0.30515, 0.114838, 0.075429, 0.068413, 0.084951, 0.08714, 0.060015, 0.069773, 0.046682, 0.075165, 0.053498, 0.077938, 0.055641, 0.07602, 0.056941, 0.042076, 0.058236, 0.054323, 0.068313, 0.113697, 0.226476, 0.635556, 1.0 ],
					"multislider[3]" : [ 0.953414 ],
					"multislider[4]" : [ 0.249361 ],
					"multislider[5]" : [ 0.457266 ],
					"multislider[6]" : [ 0.788506 ],
					"multislider[7]" : [ 1.006231, 1.81018, 1.806012, 2.0, 0.883146, 0.894721, 2.0, 1.195338, 0.690998, 1.801561, 0.458725, 1.372418, 1.150379, 0.815004, 0.78318, 1.029331, 1.238465, 0.738521, 0.751205, 0.961479, 1.189182, 0.705977, 0.824929, 0.921653 ],
					"multislider[8]" : [ 0.912896, 1.142514, 0.982304, 2.0, 0.472542, 1.51964, 1.556492, 0.806934, 1.19151, 0.88914, 0.742748, 1.735263, 0.661161, 1.124617, 0.825553, 0.949708, 1.210202, 0.639234, 0.826158, 1.031562, 1.13679, 0.523944, 0.721627, 2.0 ],
					"multislider[9]" : [ 1.80832, 0.386049, 2.0, 1.522462, 1.102563, 0.805315, 0.974883, 1.451976, 0.860144, 1.494645, 0.621062, 1.405005, 0.686416, 1.400732, 0.731922, 1.335064, 1.353293, 0.722509, 1.07203, 0.795215, 0.600827, 0.502028, 0.356344, 0.635556 ],
					"pictslider" : [ 0, 0 ],
					"template-2-bark-weights" : [ 1.0, 1.0, 1.0, 1.0, 1.0, 1.0, 1.0, 1.0, 1.0, 1.0, 1.0, 1.0, 1.0, 1.0, 1.0, 1.0, 1.0, 1.0, 1.0, 1.0, 1.0, 1.0, 1.0, 1.0, 1.0 ],
					"template-2-bark-weights[1]" : [ 1.0, 1.0, 1.0, 1.0, 1.0, 1.0, 1.0, 1.0, 1.0, 1.0, 1.0, 1.0, 1.0, 1.0, 1.0, 1.0, 1.0, 1.0, 1.0, 1.0, 1.0, 1.0, 1.0, 1.0, 1.0 ],
					"toggle" : [ 1 ],
					"toggle[2]" : [ 1 ]
				}

			}

		}

	}

}
