{
	"pattrstorage" : 	{
		"name" : "bark-coefficients",
		"slots" : 		{
			"1" : 			{
				"id" : 1,
				"data" : 				{
					"e-distance-1-ratio" : [ 1.908925, 2.0, 0.761086, 0.0, 2.0, 2.0, 0.123735, 2.0, 1.624589, 0.0, 0.863376, 1.765272, 0.839955, 0.892464, 1.830268, 1.967073, 0.865773, 2.0, 0.333156, 0.098134, 0.239908, 0.577336, 0.52059, 0.0 ],
					"e-distance-2-ratio" : [ 2.0, 0.075565, 0.83103, 0.754492, 0.527989, 2.0, 0.561728, 2.0, 2.0, 2.0, 2.0, 2.0, 0.628176, 0.434907, 1.550109, 0.678552, 0.099557, 1.878541, 0.264725, 0.710013, 0.527956, 0.963876, 0.38148, 0.0 ],
					"flonum" : [ 0.081558 ],
					"flonum[10]" : [ 280.0 ],
					"flonum[11]" : [ 0.918442 ],
					"flonum[12]" : [ 0.756113 ],
					"flonum[13]" : [ 0.135425 ],
					"flonum[14]" : [ 0.267748 ],
					"flonum[15]" : [ 0.65 ],
					"flonum[16]" : [ 0.65 ],
					"flonum[17]" : [ 0.95 ],
					"flonum[18]" : [ 0.92 ],
					"flonum[1]" : [ 0.243887 ],
					"flonum[2]" : [ 0.864575 ],
					"flonum[3]" : [ 0.732252 ],
					"flonum[4]" : [ 0.5 ],
					"flonum[5]" : [ 1.0 ],
					"flonum[6]" : [ 0.0 ],
					"flonum[7]" : [ 280000.0 ],
					"flonum[8]" : [ 0.0 ],
					"flonum[9]" : [ 300000.0 ],
					"multislider[10]" : [ 0.167809, 0.385384, 1.0, 0.929608, 0.572858, 0.329986, 0.227334, 0.312647, 0.388238, 0.21393, 0.254351, 0.160877, 0.288684, 0.350725, 0.430884, 0.338248, 0.249493, 0.367353, 0.346321, 0.32332, 0.324469, 0.25886, 0.279085, 0.213345, 0.04601 ],
					"multislider[11]" : [ 0.589316, 0.860607, 0.081558, 0.074335, 0.045194, 0.34789, 0.007652, 0.005077, 0.153844, 0.744354, 0.011518, 0.612238, 0.087929, 0.159404, 0.318869, 0.146444, 0.003106, 0.074898, 0.069489, 0.055076, 0.099649, 0.081014, 0.087164, 0.053498, 0.024488 ],
					"multislider[12]" : [ 2.0, 2.0, 2.0, 2.0, 2.0, 2.0, 2.0, 2.0, 2.0, 2.0, 2.0, 2.0, 2.0, 2.0, 2.0, 2.0, 2.0, 2.0, 2.0, 2.0, 2.0, 2.0, 2.0, 2.0 ],
					"multislider[13]" : [ 2.0, 2.0, 2.0, 2.0, 2.0, 2.0, 2.0, 2.0, 2.0, 2.0, 2.0, 2.0, 2.0, 2.0, 2.0, 2.0, 2.0, 2.0, 2.0, 2.0, 2.0, 2.0, 2.0, 2.0 ],
					"multislider[14]" : [ 0.242875, 0.289545, 0.724284, 0.511988, 0.480657, 0.294363, 0.024405, 0.111327, 0.31594, 0.78607, 0.169959, 0.629479, 0.217204, 0.287869, 0.369943, 0.216076, 0.1293, 0.176384, 0.297796, 0.271631, 0.243887, 0.177421, 0.221305, 0.161636, 0.039794 ],
					"multislider[1]" : [ 1.0, 0.956446, 0.357274, 0.343285, 0.137396, 0.383513, 0.195277, 0.206397, 0.226143, 0.255646, 0.09591, 0.178117, 0.159409, 0.222261, 0.37981, 0.268617, 0.123299, 0.116071, 0.118014, 0.106766, 0.18023, 0.162453, 0.144944, 0.105207, 0.030704 ],
					"multislider[2]" : [ 0.410684, 0.095839, 0.275716, 0.41762, 0.092201, 0.035623, 0.202929, 0.20132, 0.072298, 1.0, 0.084392, 0.790356, 0.071479, 0.062856, 0.060941, 0.122172, 0.120193, 0.190969, 0.048525, 0.051689, 0.080582, 0.081439, 0.05778, 0.051709, 0.006216 ],
					"multislider[3]" : [ 0.918442 ],
					"multislider[4]" : [ 0.267748 ],
					"multislider[5]" : [ 0.135425 ],
					"multislider[6]" : [ 0.756113 ],
					"multislider[7]" : [ 1.045537, 2.0, 1.040751, 2.0, 0.358255, 1.963946, 0.946122, 0.912686, 0.884593, 2.0, 0.538466, 1.117364, 0.717215, 0.585189, 1.413949, 2.0, 1.062274, 0.983536, 1.105355, 0.592385, 1.109431, 1.120802, 1.377694, 2.0 ],
					"multislider[8]" : [ 0.435433, 0.385384, 1.075723, 1.622754, 1.736005, 1.45155, 0.727126, 0.805297, 1.814789, 0.841082, 1.581032, 0.557277, 0.823105, 0.813967, 1.273869, 1.355739, 0.679166, 1.06073, 1.071139, 0.996459, 1.253455, 0.927532, 1.308139, 2.0 ],
					"multislider[9]" : [ 2.0, 0.347601, 0.660208, 2.0, 2.0, 0.175546, 1.00799, 2.0, 0.072298, 2.0, 0.106778, 2.0, 1.137193, 1.031421, 0.498815, 1.016463, 0.629387, 2.0, 0.938777, 0.641452, 0.989477, 1.40947, 1.117399, 2.0 ],
					"pictslider" : [ 0, 0 ],
					"template-2-bark-weights" : [ 1.0, 1.0, 1.0, 1.0, 1.0, 1.0, 1.0, 1.0, 1.0, 1.0, 1.0, 1.0, 1.0, 1.0, 1.0, 1.0, 1.0, 1.0, 1.0, 1.0, 1.0, 1.0, 1.0, 1.0, 1.0 ],
					"template-2-bark-weights[1]" : [ 1.0, 1.0, 1.0, 1.0, 1.0, 1.0, 1.0, 1.0, 1.0, 1.0, 1.0, 1.0, 1.0, 1.0, 1.0, 1.0, 1.0, 1.0, 1.0, 1.0, 1.0, 1.0, 1.0, 1.0, 1.0 ],
					"toggle" : [ 1 ],
					"toggle[2]" : [ 1 ]
				}

			}

		}

	}

}
